: неⷣ҇:NUM,недѣлꙗ
: прѣⷣ҇:NUM,прѣдъ
: рожьствъмь:NOUN,рождьство
: хвⷪ҇мь:NOUN,христовъ
: їоана:PROPN,иоанъ
: съказание:NOUN,съказаниє
: ѿ:NUM,отъ
: маⷴ:NUM,матъѳѣи
: се:INTJ,се
: съборъ:NOUN,съборъ
: се:INTJ,се
: сп҃сение:NOUN,съпасениє
: д҃шь:NOUN,доуша
: се:INTJ,се
: придохъ:VERB,прити
: длъгъ:NOUN,длъгъ
: ѿдати:VERB,отъдати
: вамъ:PRON,вꙑ
: длъгъ:NOUN,длъгъ
: и:CCONJ,и
: мене:PRON,азъ
: въздающаго:VERB,въздаꙗти
: ѡбогатꙗщь:VERB,обогатити
: а:CCONJ,а
: васъ:PRON,вꙑ
: приемлющиихъ:NOUN,приимати
: пользѧщь:VERB,польꙃѣти
: придохъ:VERB,прити
: оставъшааго:VERB,оставити
: длъга:NOUN,длъгъ
: аще:SCONJ,аще
: и:ADV,и
: нищь:ADJ,нищь
: єсмь:NOUN,бꙑти
: нъ:CCONJ,нъ
: къ:ADP,къ
: вашеи:DET,вашь
: любъви:NOUN,любꙑ
: прелюбьзно:ADV,прѣлюбьзно
: же:ADV,же
: хощю:VERB,хотѣти
: къ:ADP,къ
: вамъ:PRON,вꙑ
: бесѣдовати:VERB,бесѣдовати
: нъ:CCONJ,нъ
: не:ADV,не
: виждю:VERB,видѣти
: събора:NOUN,съборъ
: вашего:DET,вашь
: плъна:ADJ,пльнъ
: ѧкоже:ADV,ꙗкоже
: подобаеть:NOUN,подобати
: ни:CCONJ,ни
: виждю:VERB,видѣти
: васъ:PRON,вꙑ
: ноудꙗщь:NOUN,ноудити
: мою:DET,мои
: нищетоу:PROPN,нищета
: принести:VERB,принести
: вамъ:PRON,вꙑ
: богатьство:NOUN,богатьство
: лежѧщее:VERB,лежати
: въ:ADP,въ
: евн҃глии:NOUN,евангелиє
: семь:DET,сь
: се:INTJ,се
: бо:ADV,бо
: начатъкъ:NOUN,начѧтъкъ
: с҃псениѧ:NOUN,съпасениє
: нашего:DET,нашь
: сѧдѣте:VERB,сѣсти
: послоушаите:VERB,послоушати
: симъ:DET,сь
: троуба:NOUN,трѫба
: бо:ADV,бо
: єсмь:AUX,бꙑти
: азъ:PRON,азъ
: аще:SCONJ,аще
: не:ADV,не
: вельгласьна:ADJ,вельгласьнъ
: нъ:CCONJ,нъ
: инѣмь:DET,инъ
: движема:VERB,двигнѫти
: мънѣ:PRON,азъ
: бо:ADV,бо
: ноуждꙗ:NOUN,ноужда
: есть:AUX,бꙑти
: глаголати:NOUN,глаголати
: а:CCONJ,а
: вамъ:PRON,вꙑ
: ли:ADV,ли
: послоушати:VERB,послоушати
: ли:CCONJ,ли
: неродити:NOUN,неродити
: ни:CCONJ,ни
: оубо:NOUN,оубо
: не:ADV,не
: дадимъ:VERB,дати
: мѣста:NOUN,мѣсто
: неприѧзни:NOUN,неприꙗзнь
: нъ:CCONJ,нъ
: ноуждьно:ADJ,ноуждьнъ
: бо:ADV,бо
: єсть:VERB,бꙑти
: црⷭ҇твиє:NOUN,цѣсарьствиє
: нбⷭ҇коє:ADJ,небесьскъ
: и:CCONJ,и
: ноуждьнии:ADJ,ноуждьнъ
: възимають:VERB,възимати
: не:ADV,не
: инѣмь:DET,инъ
: ноудимї:VERB,ноудити
: нъ:CCONJ,нъ
: и:ADV,и
: ср҃дчьною:ADJ,срьдьчьнъ
: волею:NOUN,волꙗ
: нъ:CCONJ,нъ
: и:ADV,и
: надъ:ADP,надъ
: прѣдълежꙗщеє:VERB,прѣдълежати
: и:CCONJ,и
: послоушаимъ:VERB,послоушати
: златооустаго:ADJ,златооустъ
: сего:DET,сь
: чьто:PRON,чьто
: хощеть:VERB,хотѣти
: бесѣдовати:VERB,бесѣдовати
: рече:VERB,рещи
: евнглⷭ҇тъ⁖:NOUN,евангелистъ
: рожьства:NOUN,рождьство
: і҃сх҃ва:ADJ,исоухристовъ
: сего:PRON,сь
: ради:ADP,ради
: си:PRON,сь
: рече:VERB,рещи
: зане:SCONJ,занє
: вьсего:DET,вьсь
: съмотрениꙗ:NOUN,съмотрєниє
: глава:NOUN,глава
: си:DET,сь
: соуть:NOUN,бꙑти
: и:CCONJ,и
: начатъкъ:NOUN,начѧтъкъ
: и:CCONJ,и
: кⷪ҇рень:NOUN,корень
: всѣхъ:DET,вьсь
: бл҃гъ:ADJ,благъ
: имꙗ:VERB,имѧ
: же:ADV,же
: і҃с:PROPN,исоусъ
: х҃во:ADJ,христовъ
: нѣсть:VERB,не
: ни:CCONJ,ни
: ни:CCONJ,ни
: нъ:CCONJ,нъ
: съказаемо:VERB,съказати
: есть:AUX,бꙑти
: сп҃съ:NOUN,съпасъ
: сп҃съ:NOUN,съпасъ
: же:ADV,же
: зане:SCONJ,занє
: сп҃се:VERB,съпасти
: люди:NOUN,людиє
: своѧ:DET,свои
: почьто:ADV,почьто
: же:ADV,же
: не:PRON,не
: рече:VERB,рещи
: с҃на:NOUN,сꙑнъ
: аврамⷧ҇ѧ:ADJ,авраамль
: нъ:CCONJ,нъ
: прьвѣе:ADV,прьвѣє
: рече:VERB,рещи
: не:ADV,не
: ѧкоже:ADV,ꙗкоже
: єже:ADV,иже
: єтери:NOUN,етеръ
: мнꙗть:NOUN,мьнѣти
: из:ADV,изъ
: низоу:ADV,низоу
: въиспрь:ADV,вꙑспрь
: хотꙗ:VERB,хотѣти
: възити:VERB,възити
: нъ:CCONJ,нъ
: зане:SCONJ,занє
: въ:ADP,въ
: оустѣхъ:NOUN,оуста
: всѣхъ:DET,вьсь
: бѣ:AUX,бꙑти
: д҃вдъ:PROPN,давꙑдъ
: и:CCONJ,и
: оⷮ:INTJ,отъ
: црⷭ҇ва:NOUN,цѣсарьство
: и:CCONJ,и
: ѿ:NUM,отъ
: ближичьстⷡа:NOUN,ближичьство
: не:ADV,не
: бѣ:AUX,бꙑти
: бо:ADV,бо
: давьно:ADJ,давьно
: оумрълъ:VERB,оумрѣти
: ꙗкоже:SCONJ,ꙗкоже
: аврамъ:PROPN,авраамъ
: чсо:PRON,чьто
: ради:ADP,ради
: помѧноувъ:VERB,помѧнѫти
: аврама:PROPN,авраамъ
: и:CCONJ,и
: рекъ:VERB,рещи
: ꙗко:SCONJ,ꙗко
: роди:VERB,родити
: исака:PROPN,исаакъ
: исакъ:PROPN,исаакъ
: иѧкова:PROPN,иꙗковъ
: иѧковъ:ADJ,иꙗковъ
: июдю:PROPN,июда
: и:CCONJ,и
: братью:NOUN,братиꙗ
: его:PRON,и
: не:ADV,не
: помѧнꙋ:VERB,помѧнѫти
: исаава:PROPN,исаавъ
: ѧко:PROPN,ꙗко
: брата:NOUN,братъ
: соуща:NOUN,бꙑти
: иѧковлꙗ:ADJ,иꙗковль
: етери:PRON,етеръ
: же:ADV,же
: г҃лть:NOUN,глаголати
: ѧко:ADV,ꙗко
: лоукавьства:NOUN,лѫкавьство
: ради:ADP,ради
: єго:NOUN,и
: нѣсть:VERB,не
: же:ADV,же
: тако:PRON,тако
: зане:ADV,занє
: и:ADV,и
: поминаеть:VERB,поминати
: нъ:CCONJ,нъ
: зане:SCONJ,занє
: никоуюже:DET,никꙑиже
: обьщиноу:NOUN,обьщина
: имѣꙗхоу:VERB,имѣти
: съ:ADP,съ
: срацини:NOUN,сарацинъ
: бо:ADV,бо
: и:CCONJ,и
: аравии:PROPN,аравинъ
: измаилитѣне:NOUN,измаилитѣнинъ
: бѣшꙗ:AUX,бꙑти
: въноуци:VERB,въноукъ
: исавови:PROPN,исаавовъ
: сего:PRON,сь
: ради:ADP,ради
: ѡ:ADP,о
: тѣхъ:PRON,тъ
: оумълъчавъ:VERB,оумльчати
: июдовꙋ:ADJ,июдовъ
: братиѫ:NOUN,братиꙗ
: поминаеть:VERB,поминати
: ꙗко:SCONJ,ꙗко
: отъ:ADP,отъ
: того:PRON,тъ
: родъ:NOUN,родъ
: жидовьскъ:ADJ,жидовьскъ
: почьто:ADV,почьто
: же:ADV,же
: и:ADV,и
: инѣхъ:DET,инъ
: прадѣдъ:NOUN,прадѣдъ
: не:ADV,не
: помꙗнꙋ:VERB,помѧнѫти
: къ:ADP,къ
: жидомъ:NOUN,жидъ
: бо:ADV,бо
: написано:VERB,напьсати
: евн҃глие:NOUN,евангелиє
: се:DET,сь
: сиѧ:PRON,сь
: бо:ADV,бо
: бѣсте:AUX,бꙑти
: дивлѧемаѧ:VERB,дивити
: овъ:DET,овъ
: ѧко:ADV,ꙗко
: прⷪ҇ркъ:NOUN,пророкъ
: и:CCONJ,и
: цⷭ҇рь:NOUN,цѣсарь
: овъ:PRON,овъ
: же:ADV,же
: ꙗко:ADV,ꙗко
: патриархъ:NOUN,патриархъ
: и:CCONJ,и
: прⷪ҇ркъ:NOUN,пророкъ
: чимь:PRON,чьто
: же:ADV,же
: ѧко:SCONJ,ꙗко
: ѿ:ADP,отъ
: дв҃да:PROPN,давꙑдъ
: есть:AUX,бꙑти
: х҃съ:PROPN,христосъ
: аще:SCONJ,аще
: отъ:ADP,отъ
: моужа:NOUN,мѫжь
: не:ADV,не
: роди:VERB,родити
: нъ:CCONJ,нъ
: отъ:ADP,отъ
: тъчью:ADV,тъчиѭ
: ꙗже:PRON,иже
: не:ADV,не
: имьже:PRON,иже
: рече:VERB,рещи
: богъ:NOUN,богъ
: къ:ADP,къ
: гаврилоу:PROPN,гавриилъ
: иди:VERB,ити
: къ:ADP,къ
: дѣвѣ:NOUN,дѣва
: ѡброученѣи:VERB,обрѫчити
: моужеви:PROPN,мѫжь
: емоуже:PRON,иже
: имꙗ:VERB,имѧ
: єсть:VERB,бꙑти
: иѡсифъ:PROPN,иосифъ
: из:ADP,из
: домоу:NOUN,домъ
: и:CCONJ,и
: отьчьства:NOUN,отьчьство
: велꙗше:VERB,велѣти
: законъ:NOUN,законъ
: не:ADV,не
: изиноудоу:NOUN,изинѫдоу
: нъ:CCONJ,нъ
: отъ:ADP,отъ
: того:DET,тъ
: колѣна:NOUN,колѣно
: не:ADV,не
: ѿ:VERB,отъ
: того:DET,тъ
: колѣна:NOUN,колѣно
: тъчью:ADV,тъчиѭ
: нъ:CCONJ,нъ
: отъ:ADP,отъ
: того:DET,тъ
: отьчьства:NOUN,отьчьство
: и:CCONJ,и
: южичьства:NOUN,ѫжичьство
: понеже:SCONJ,понєже
: оубо:ADV,оубо
: не:ADV,не
: жидовьскъ:ADJ,жидовьскъ
: родъ:NOUN,родъ
: чисти:VERB,чисти
: да:SCONJ,да
: съхранить:VERB,съхранити
: родочьте:NOUN,родочисти
: иѡсифа:PROPN,иосифъ
: ѡброученика:NOUN,обрѫченикъ
: еѧ:PRON,и
: и:CCONJ,и
: показа:VERB,показати
: оба:NUM,оба
: соуща:NOUN,бꙑти
: из:ADP,из
: домоу:NOUN,домъ
: двⷣ҇а:NOUN,давꙑдовъ
: помѧнꙋ:VERB,помѧнѫти
: же:ADV,же
: и:ADV,и
: безаконьнаго:ADJ,безаконьнъ
: сънѧтьѧ:NOUN,сънѧтиє
: да:ADV,да
: покажеть:VERB,показати
: чл҃колюбиє:NOUN,чловѣколюбиє
: ꙗко:SCONJ,ꙗко
: изволилъ:VERB,изволити
: и:PRON,и
: имѣти:NOUN,имѣти
: никдеже:ADV,никъдеже
: не:ADV,не
: о:ADP,о
: нашеи:DET,нашь
: злобѣ:NOUN,зълоба
: и:CCONJ,и
: оуча:NOUN,оучити
: не:ADV,не
: о:ADP,о
: дѣдьни:ADJ,дѣдьнь
: злобѣ:NOUN,зълоба
: нъ:CCONJ,нъ
: единого:NUM,єдинъ
: тъчью:ADV,тъчиѭ
: искати:NOUN,искати
: еже:DET,иже
: изволити:VERB,изволити
: доброу:ADJ,добръ
: дѣтель:NOUN,дѣтѣль
: чьсо:PRON,чьто
: ради:ADP,ради
: фарєса:NOUN,фаресъ
: помꙗноувъ:VERB,помѧнѫти
: ѿ:ADP,отъ
: негоже:PRON,иже
: хотѣ:VERB,хотѣти
: г҃а:NOUN,господь
: родочисти:ADJ,родочисти
: и:PRON,и
: на:ADP,на
: зара:NOUN,зара
: помꙗноу:VERB,помѧнѫти
: ѧко:SCONJ,ꙗко
: єⷧ҇зарю:NOUN,зара
: отъ:ADP,отъ
: роукоу:NOUN,рѫка
: прьвѣє:ADV,прьвѣє
: изнесе:VERB,изнести
: и:PRON,и
: изиде:VERB,изити
: фареса:NOUN,фаресъ
: и:CCONJ,и
: потомь:ADV,потомь
: и:ADV,и
: зара:NOUN,зара
: еже:PRON,иже
: обоимъ:NUM,обои
: людьмъ:NOUN,людиє
: образъ:NOUN,образъ
: бѣ:AUX,бꙑти
: цр҃квьнꙋоумоу:ADJ,црькъвьнъ
: при:ADP,при
: аврамѣ:PROPN,авраамъ
: ꙗвленоу:VERB,ꙗвлꙗти
: потомь:ADV,потомь
: придошꙗ:VERB,прити
: людиє:NOUN,людиє
: жидовьстии:ADJ,жидовьскъ
: и:CCONJ,и
: законьное:ADJ,законьнъ
: житиє:NOUN,житиє
: и:CCONJ,и
: потомь:ADV,потомь
: новиї:ADJ,новъ
: людие:NOUN,людиє
: ѧвиша:VERB,ꙗвити
: съ:ADP,съ
: законъмь:NOUN,законъ
: своимь:DET,свои
: и:CCONJ,и
: роуфоу:PROPN,роуѳъ
: же:ADV,же
: иноплеменьни:ADJ,иноплеменьнъ
: помꙗноу:VERB,помѧнѫти
: зане:SCONJ,занє
: ѧкоже:ADV,ꙗкоже
: воозъ:NOUN,воозъ
: не:ADV,не
: на:ADP,на
: ню:PRON,и
: нищю:ADJ,нищь
: иноплеменьницю:NOUN,иноплеменьница
: соущꙋ:NOUN,бꙑти
: такожде:ADV,такожде
: и:ADV,и
: хъ:PRON,христосъ
: приимъ:VERB,приѩти
: цр҃къвь:NOUN,црькꙑ
: иноплеменьницю:NOUN,иноплеменьница
: и:CCONJ,и
: зѣло:ADV,ꙃѣло
: нищю:ADJ,нищь
: соуща:NOUN,бꙑти
: обьщьни:ADJ,обьщьнъ
: ю:ADP,и
: приѧтъ:VERB,приѩти
: въ:ADP,въ
: велицѣ:ADJ,великъ
: блазѣ:NOUN,благо
: ꙗкоже:SCONJ,ꙗкоже
: и:ADV,и
: роуфь:PROPN,роуѳъ
: аще:SCONJ,аще
: не:ADV,не
: прьвѣе:ADV,прьвѣє
: оставила:VERB,оставити
: о҃ца:NOUN,отьць
: и:CCONJ,и
: бєщьствовала:VERB,бещьствовати
: домъ:NOUN,домъ
: и:CCONJ,и
: родъ:NOUN,родъ
: и:CCONJ,и
: отьчьство:NOUN,отьчьство
: и:CCONJ,и
: южичьство:NOUN,ѫжичьство
: не:ADV,не
: оулоучила:VERB,оулоучити
: южичьства:NOUN,ѫжичьство
: сего:DET,сь
: такожде:ADV,такожде
: и:ADV,и
: о҃ча:ADJ,отьчь
: оставльши:VERB,оставити
: тогда:ADV,тогда
: женисѣ:NOUN,женихъ
: еще:ADV,єще
: же:ADV,же
: и:ADV,и
: да:ADV,да
: срамить:VERB,срамити
: да:ADV,да
: не:ADV,не
: величать:VERB,величати
: си:PRON,сь
: въ:ADP,въ
: средоу:NOUN,срѣда
: въложивъ:VERB,въложити
: цⷭ҇рꙗ:NOUN,цѣсарь
: бо:ADV,бо
: великаго:ADJ,великъ
: дⷡ҇да:NOUN,давꙑдъ
: сїꙗ:PRON,сь
: въ:ADP,въ
: средоу:NOUN,срѣда
: родиша:VERB,родити
: и:CCONJ,и
: не:ADV,не
: ими:PRON,и
: д҃вдъ:PROPN,давꙑдъ
: нѣсть:VERB,не
: ни:CCONJ,ни
: доброю:ADJ,добръ
: дѣтелью:NOUN,дѣтѣль
: ни:CCONJ,ни
: злобою:NOUN,зълоба
: дѣдьнею:ADJ,дѣдьнь
: ли:CCONJ,ли
: доброу:ADJ,добръ
: ли:CCONJ,ли
: злоу:NOUN,зълъ
: ли:CCONJ,ли
: нарочитоу:ADJ,нарочитъ
: ли:CCONJ,ли
: свѣтьлоу:ADJ,свѣтьлъ
: нъ:CCONJ,нъ
: аще:SCONJ,аще
: подобаеть:VERB,подобати
: дивьно:ADJ,дивьно
: решти:VERB,рещи
: тъ:PRON,тъ
: сьꙗеть:VERB,сиꙗти
: боле:ADJ,болє
: иже:PRON,иже
: отъ:ADP,отъ
: зълъ:ADJ,зълъ
: прадѣдъ:NOUN,прадѣдъ
: благъ:ADJ,благъ
: почьто:ADV,почьто
: на:ADP,на
: три:NUM,триє
: части:NOUN,чѧсть
: раздѣли:VERB,раздѣлити
: вьсꙗ:DET,вьсь
: хотѧ:VERB,хотѣти
: показати:NOUN,показати
: ꙗко:SCONJ,ꙗко
: ни:ADV,ни
: жизньмъ:NOUN,жизнь
: измѣнꙗщемъ:NOUN,измѣнити
: оуньше:VERB,оунии
: жидове:NOUN,жидъ
: нъ:CCONJ,нъ
: и:ADV,и
: владоуще:NOUN,власти
: и:CCONJ,и
: цⷭ҇рюєми:NOUN,цѣсарєвати
: и:CCONJ,и
: оумалꙗеми:VERB,оумалꙗти
: въ:ADP,въ
: тоижде:DET,тъжде
: злобѣ:NOUN,зълоба
: чсо:PRON,чьто
: ради:ADP,ради
: въ:ADP,въ
: прьвѣи:ADJ,прьвъ
: части:NOUN,чѧсть
: три:NUM,триє
: цⷭ҇рѧ:NOUN,цѣсарь
: преминоу:VERB,прѣминѫти
: въ:ADP,въ
: послѣднии:ADJ,послѣдьнии
: же:NOUN,же
: и:CCONJ,и
: въ:ADP,въ
: родъ:NOUN,родъ
: и:CCONJ,и
: положивъ:VERB,положити
: и:CCONJ,и
: четвьртаꙗ:ADJ,д҃ї
: издрече:VERB,изрещи
: три:NUM,триє
: оубо:ADV,оубо
: цⷭ҇рꙗ:NOUN,цѣсарь
: прѣминоу:VERB,прѣминѫти
: превелиꙗ:ADJ,прѣвелии
: ради:ADP,ради
: бещьстьꙗ:NOUN,бещьстиє
: ихъ:PRON,и
: охозиꙗ:NOUN,охозиꙗ
: бо:ADP,бо
: зѧть:NOUN,зѧть
: бѣ:NOUN,бꙑти
: ахаавовъ:ADJ,ахаавовъ
: цⷭ҇рѧ:NOUN,цѣсарь
: и҃злва:ADJ,издраилєвъ
: рьвьнитель:NOUN,рьвьнитель
: бечьстию:NOUN,бещьстиє
: єго:NOUN,и
: ꙗкоже:ADV,ꙗкоже
: рѣшꙗ:VERB,рещи
: и-асъ:PROPN,иоасъ
: прьвѣе:ADV,прьвѣє
: оугоди:VERB,оугодити
: б҃ви:ADJ,богъ
: послѣди:ADP,послѣди
: идолослꙋжитель:NOUN,идолослоужитель
: иже:PRON,иже
: и:ADV,и
: ємоу:NOUN,и
: сътворьшꙗ:VERB,сътворити
: азарию:PROPN,азариꙗ
: июдова:ADJ,иоадъ
: иереа:NOUN,иєреи
: повелѣ:VERB,повелѣти
: каменьемь:NOUN,камꙑ
: побити:VERB,побити
: и:CCONJ,и
: ꙗкоже:ADV,ꙗкоже
: пишеть:VERB,пьсати
: въ:ADP,въ
: книгахъ:NOUN,кънигꙑ
: и:CCONJ,и
: амесиꙗ:PROPN,амесиꙗ
: пьрвѣе:ADV,прьвѣє
: оугодивъ:VERB,оугодити
: б҃ви:ADJ,богъ
: плѣнъ:NOUN,плѣнити
: идꙋмѣю:NOUN,идоумѣи
: пожьре:VERB,пожрѣти
: коумиромъ:NOUN,коумиръ
: въ:ADP,въ
: плѣнѣ:NOUN,плѣнъ
: идоумеисцѣ:ADJ,идоумѣискъ
: ѧкоже:ADV,ꙗкоже
: пишеть:VERB,пьсати
: и:PRON,и
: о:ADP,о
: семь:PRON,сь
: въ:ADP,въ
: тѣхъжде:ADV,тъжде
: книгахъ:NOUN,кънигꙑ
: паралипоуменъ:NOUN,паралипоменъ
: сихъ:PRON,сь
: роди:VERB,ради
: три:NUM,триє
: цесарь:NOUN,цѣсарь
: рече:VERB,рещи
: африканъ:PROPN,африканъ
: въ:ADP,въ
: своихъ:DET,свои
: лѣтъписании:NOUN,лѣтописаниє
: ѧко:ADV,ꙗко
: за:ADP,за
: велье:ADJ,велии
: бещьстьє:NOUN,бещьстиє
: ихъ:PRON,и
: ѡстави:VERB,оставити
: ѧ:PRON,и
: евн҃глⷭ҇тъ:NOUN,евангелистъ
: ѡбычаи:NOUN,обꙑчаи
: бо:ADV,бо
: єсть:VERB,бꙑти
: книгамъ:NOUN,кънигꙑ
: ѡставлѧти:VERB,оставлꙗти
: не:ADV,не
: соущаѧ:VERB,бꙑти
: памꙗти:NOUN,памѧть
: ꙗкоже:SCONJ,ꙗкоже
: и:ADV,и
: заповѣдѣтель:NOUN,заповѣдѣтель
: мосии:PROPN,моси
: сътворилъ:VERB,сътворити
: въ:ADP,въ
: бл҃гословлениихъ:NOUN,благословлєниє
: оставль:VERB,оставити
: сꙋмеона:PROPN,сѵмеонъ
: и:CCONJ,и
: инъгда:ADV,инъгда
: мнози:ADJ,мъногъ
: инѣхъ:PRON,инъ
: си:PRON,сь
: оубо:ADV,оубо
: трии:NUM,триє
: цⷭ҇рꙗ:NOUN,цѣсарь
: сего:DET,сь
: ради:ADP,ради
: преминоу:NOUN,прѣминѫти
: ев҃нгелистъ:NOUN,евангелистъ
: въ:ADP,въ
: средьнии:ADJ,срѣдьнь
: части:NOUN,чѧсть
: въ:ADP,въ
: пⷪслѣдьнии:ADJ,послѣдьнь
: частии:NOUN,чѧсть
: два:NUM,дъва
: на:ADP,на
: десꙗте:NUM,десѧть
: рода:NOUN,родъ
: положивъ:VERB,положити
: на:ADP,на
: десꙗте:NUM,десѧть
: нарече:VERB,нарещи
: ꙗко:SCONJ,ꙗко
: лѣто:NOUN,лѣто
: плѣнениꙗ:NOUN,плѣнениє
: въ:ADP,въ
: мѣсто:NOUN,мѣсто
: въчьте:VERB,въчисти
: еще:ADV,єще
: же:ADV,же
: и:ADV,и
: самого:DET,самъ
: х҃а:PROPN,христосъ
: въмѣщаꙗ:VERB,въмѣщати
: его:PRON,и
: намъ:PRON,мꙑ
: подобаеть:VERB,подобати
: же:ADV,же
: и:ADV,и
: се:PRON,сь
: съмотрити:VERB,съмотрити
: намъ:PRON,мꙑ
: г҃лю:NOUN,глаголати
: же:ADP,же
: ѿкоудоу:NOUN,отъкѫдоу
: начатъ:VERB,начѧти
: и:PRON,и
: кде:ADV,къде
: коньча:VERB,коньчати
: ѿ:ADP,отъ
: аврама:PROPN,авраамъ
: до:ADP,до
: д҃вда:PROPN,давꙑдъ
: ѿ:CCONJ,отъ
: д҃вда:PROPN,давꙑдъ
: до:ADP,до
: преселениꙗ:NOUN,прѣселєниє
: и:CCONJ,и
: отъ:ADP,отъ
: него:PRON,и
: до:ADP,до
: самого:DET,самъ
: х҃а:PROPN,христосъ
: и:CCONJ,и
: начинаꙗ:VERB,начинати
: бо:CCONJ,бо
: оба:NUM,оба
: положи:VERB,положити
: по:ADP,по
: рꙗдоу:NOUN,рѧдъ
: же:ADV,же
: и:CCONJ,и
: аврама:PROPN,авраамъ
: и:CCONJ,и
: начинаѧ:VERB,начинати
: ѡба:NUM,оба
: помⷽ҇ноу:VERB,помѧнѫти
: зане:SCONJ,занє
: к:ADP,къ
: нима:PRON,и
: бѣшꙗ:AUX,бꙑти
: обѣтованиꙗ:NOUN,обѣтованиє
: сътворена:VERB,сътворити
: рекъ:VERB,рещи
: же:ADV,же
: всꙗ:DET,вьсь
: и:CCONJ,и
: коньчавъ:VERB,коньчати
: до:ADP,до
: иѡсифа:PROPN,иосифъ
: не:ADV,не
: преста:VERB,прѣстати
: до:ADP,до
: тоу:ADV,тоу
: нъ:CCONJ,нъ
: приложи:VERB,приложити
: моужа:NOUN,мѫжь
: мариина:ADJ,мариинъ
: показаꙗ:VERB,показати
: ꙗко:SCONJ,ꙗко
: сеꙗ:PRON,сь
: ради:ADP,ради
: и:ADV,и
: сего:DET,сь
: родочте:NOUN,родочисти
: веле:INTJ,веле
: же:NOUN,же
: да:SCONJ,да
: мꙋжа:VERB,мѫжь
: марїна:PROPN,мариинъ
: не:ADV,не
: мьнимъ:VERB,мьнѣти
: х҃а:PROPN,христосъ
: обьщимъ:VERB,обьщь
: закⷪ҇номъ:NOUN,законъ
: естьства:NOUN,єстьство
: нашего:DET,нашь
: въспоминаеть:VERB,въспоминати
: колика:PRON,коликъ
: бѣ:AUX,бꙑти
: ѿ:ADP,отъ
: аврама:PROPN,авраамъ
: до:ADP,до
: д҃҃да:PROPN,давꙑдъ
: до:ADP,до
: преселениꙗ:NOUN,прѣселєниє
: вавилоньска·:ADJ,вавилоньскъ
: показаѧ:VERB,показати
: ꙗко:SCONJ,ꙗко
: тъ:PRON,тъ
: есть:AUX,бꙑти
: хⷭ҇ъ:PROPN,христосъ
: егда:ADV,єгда
: бо:ADV,бо
: почьтеши:VERB,почисти
: и:CCONJ,и
: оувѣси:VERB,оувѣдѣти
: ꙗко:SCONJ,ꙗко
: тъ:PRON,тъ
: сь:PRON,сь
: есть:AUX,бꙑти
: ꙋдобь:NOUN,оудобь adv
: приимеши:VERB,приѩти
: и:CCONJ,и
: чоудо:NOUN,чоудо
: въ:ADP,въ
: рожьство:NOUN,рождьство
: ѧко:ADV,ꙗко
: тъ:PRON,тъ
: сь:PRON,сь
: есть:AUX,бꙑти
: егоже:PRON,иже
: и:ADV,и
: патриархъ:NOUN,патриархъ
: иꙗковъ:ADJ,иꙗковъ
: оскꙋдѣвъшемъ:VERB,оскѫдѣти
: кнѧземъ:NOUN,кънѧꙃь
: жидовьскомъ:ADJ,жидовьскъ
: ꙗко:SCONJ,ꙗко
: придеть:VERB,прити
: егоже:PRON,иже
: и:ADV,и
: прⷪ҇ркъ:NOUN,пророкъ
: данилъ:PROPN,даниилъ
: по:ADP,по
: тѣхъ:DET,тъ
: недѣлꙗхъ:NOUN,недѣлꙗ
: прорече:VERB,прорещи
: ѧко:SCONJ,ꙗко
: придеть:VERB,прити
: и:CCONJ,и
: аще:SCONJ,аще
: хощеть:VERB,хотѣти
: кто:PRON,къто
: та:DET,тъ
: лѣта:NOUN,лѣто
: почисти:NOUN,почисти
: числъмь:NOUN,число
: неⷣ҇льскомь:ADJ,недѣльскъ
: ꙗже:PRON,иже
: к:ADP,къ
: данилꙋ:PROPN,даниилъ
: англⷪ҇мъ:NOUN,ангелъ
: речена:VERB,рещи
: ѧже:PRON,иже
: ѿ:ADP,отъ
: създаниѧ:NOUN,съзьданиє
: градꙋ:NOUN,градъ
: сънити:VERB,сънити
: до:ADP,до
: рожьства:NOUN,рождьство
: его:PRON,и
: възьрить:VERB,възьрѣти
: та:DET,тъ
: лѣта:NOUN,лѣто
: сими:DET,сь
: съвѣщающа⁖:VERB,съвѣщати
: не:ADV,не
: рече:VERB,рещи
: же:ADV,же
: оброученѣ:VERB,обрѫчити
: д҃вци:ADJ,дѣвица
: нъ:CCONJ,нъ
: въ:ADP,въ
: прⷪстꙋ:NOUN,простъ
: оброученѣ:VERB,обрѫчити
: м҃три:NOUN,мати
: его:PRON,и
: да:SCONJ,да
: приѧто:ADV,приѩтъ
: бꙋдеть:VERB,бꙑти
: слово:NOUN,слово
: да:SCONJ,да
: бесѣдою:NOUN,бесѣда
: чаꙗ:VERB,чаꙗти
: послꙋшатель:NOUN,послоушатель
: нѣчто:PRON,нѣчьто
: издречениемь:NOUN,издрещи
: преславьнⷪ҇ю:ADJ,прѣславьнъ
: вещью:ADJ,вещь
: гл҃ща:VERB,глаголати
: ꙗко:SCONJ,ꙗко
: прежде:VERB,прѣжде adv
: даже:SCONJ,даже
: не:ADV,не
: въ:ADP,въ
: чревѣ:NOUN,чрѣво
: имоущи:VERB,имѣти
: ѿ:ADP,отъ
: д҃ха:NOUN,доухъ
: с҃та:ADJ,свѧтъ
: не:ADV,не
: рече:VERB,рещи
: прежде:ADV,прѣжде adv
: даже:SCONJ,даже
: не:ADV,не
: приведена:VERB,привести
: боудеть:NOUN,бꙑти
: въ:ADP,въ
: домъ:NOUN,домъ
: женишь:NOUN,женишь
: въ:ADP,въ
: чревѣ:NOUN,чрѣво
: имꙋщи:VERB,имѣти
: ꙋтрь:ADV,ѫтрь
: бо:ADV,бо
: бѣ:AUX,бꙑти
: зане:SCONJ,занє
: бѣ:AUX,бꙑти
: древьниимъ:ADJ,дрѣвьнь
: ꙗкоже:SCONJ,ꙗкоже
: ино:DET,инъ
: много:ADJ,мъногъ
: въ:ADP,въ
: домъ:NOUN,домъ
: свои:DET,свои
: приводить:VERB,приводити
: оброученицю⁖:NOUN,обрѫченица
: ради:ADP,ради
: и:ADV,и
: не:ADV,не
: прьвѣе:ADV,прьвѣє
: оброучениѧ:NOUN,обрѫчениє
: зачатъ:NOUN,зачѧти
: и:CCONJ,и
: роди:VERB,родити
: да:ADV,да
: и:CCONJ,и
: да:ADV,да
: всѧка:ADJ,вьсꙗкъ
: зла:ADP,зълъ
: соумьнѣньꙗ:NOUN,сѫмьнѣниє
: избѣжить:VERB,избѣжати
: дѣваꙗ:NOUN,дѣваꙗ
: емоуже:PRON,иже
: бо:ADV,бо
: бѣ:AUX,бꙑти
: рьвьновати:VERB,рьвьновати
: и:CCONJ,и
: срамити:VERB,срамити
: ю:CCONJ,и
: не:ADV,не
: тъкмо:ADV,тъкъмо
: не:ADV,не
: сътвори:VERB,сътворити
: нъ:CCONJ,нъ
: и:ADV,и
: приемлющоу:VERB,приимати
: видимъ:VERB,видѣти
: и:CCONJ,и
: слоужꙗщоу:VERB,слоужити
: по:ADP,по
: рожьствѣ:NOUN,рождьство
: тъ:DET,тъ
: всѣмъ:DET,вьсь
: се:INTJ,сь
: ѧвлꙗеть:NOUN,ꙗвлꙗти
: ꙗко:SCONJ,ꙗко
: извѣщение:NOUN,извѣщениє
: приꙗ:NOUN,приѩти
: тъ:DET,тъ
: д҃хмъ:NOUN,доухъ
: того:PRON,тъ
: ради:ADP,ради
: и:CCONJ,и
: дрьжѧ:VERB,дрьжати
: и:CCONJ,и
: послоужи:VERB,послоужити
: єже:SCONJ,иже
: вещьхъ:ADJ,вещь
: есть:AUX,бꙑти
: то:ADV,тъ
: сьде:ADV,сьде
: ꙗвлꙗꙗ:VERB,ꙗвлꙗти
: реⷱ҇:NUM,рещи
: ѧко:SCONJ,ꙗко
: ѡбрѣте:VERB,обрѣсти
: въ:ADP,въ
: чревѣ:NOUN,чрѣво
: имоущи:VERB,имѣти
: ѿ:ADP,отъ
: д҃ха:NOUN,доухъ
: с҃та:ADJ,свѧтъ
: же:ADV,же
: ѿ:ADP,отъ
: д҃ха:NOUN,доухъ
: с҃та:ADJ,свѧтъ
: ничьсоже:PRON,ничьсоже
: иного:DET,инъ
: ищи:VERB,искати
: ꙗко:SCONJ,ꙗко
: како:ADV,како
: въ:ADP,въ
: чрево:NOUN,чрѣво
: како:ADV,како
: съдрьжꙗи:ADJ,съдрьжати
: все:DET,вьсь
: ѿ:ADP,отъ
: како:ADV,како
: раждꙗеть:VERB,раждати
: д҃ва:ADJ,дѣва
: и:CCONJ,и
: дѣвою:NOUN,дѣваꙗ
: како:ADV,како
: създа:VERB,съзьдати
: д҃хъ:NOUN,доухъ
: с҃тыи:ADJ,свѧтъ
: цр҃квъ:NOUN,црькꙑ
: тоу:ADV,тъ
: и:CCONJ,и
: ино:PRON,инъ
: много:ADJ,мъногъ
: правьдьна:ADJ,правьдьнъ
: же:ADV,же
: иосифа:PROPN,иосифъ
: г҃лть:VERB,глаголати
: не:ADV,не
: ꙗко:ADV,ꙗко
: частью:NOUN,чѧсть
: дѣтели:NOUN,дѣтѣль
: соуща:NOUN,бꙑти
: ѧкоже:ADV,ꙗкоже
: не:ADV,не
: лихоимьца:NOUN,лихоимьць
: соуща:NOUN,бꙑти
: нъ:CCONJ,нъ
: ꙗкоже:SCONJ,ꙗкоже
: всѣмь:DET,вьсь
: добродѣтельна:ADJ,добродѣтѣльнъ
: сего:PRON,сь
: ради:ADP,ради
: не:ADV,не
: моучити:VERB,мѫчити
: тъчью:ADV,тъчиѭ
: нъ:CCONJ,нъ
: и:ADV,и
: срамити:VERB,срамити
: не:ADV,не
: хⷪтѣ:VERB,хотѣти
: а:CCONJ,а
: инѣмь:PRON,инъ
: моужемъ:VERB,мѫжь
: непраздьнꙋ:ADJ,непраздьнъ
: ю:ADP,и
: мьнꙗ:ADJ,мьнѣти
: законъ:NOUN,законъ
: бо:ADV,бо
: велꙗше:VERB,велѣти
: моучити:NOUN,мѫчити
: тъчью:ADV,тъчиѭ
: еже:PRON,иже
: нача:ADP,начѧти
: хⷪтѣти:NOUN,хотѣти
: изгънати:VERB,изгънати
: ю:ADP,и
: ан҃глъ:NOUN,ангелъ
: прїшьдъ:VERB,прити
: възбрани:VERB,възбранити
: ємоу:NOUN,и
: почто:ADV,почьто
: даже:SCONJ,даже
: не:ADV,не
: творити:NOUN,творити
: не:ADV,не
: приде:VERB,прити
: ан҃глъ:NOUN,ангелъ
: да:SCONJ,да
: не:ADV,не
: нⷷ:ADV,не
: вѣроуеть:VERB,вѣровати
: ѧко:ADV,ꙗко
: непраздьна:ADJ,непраздьнъ
: отъ:ADP,отъ
: доуха:NOUN,доухъ
: с҃та:ADJ,свѧтъ
: видимѣ:VERB,видѣти
: бо:ADV,бо
: сущи:VERB,бꙑти
: вещи:NOUN,вещь
: и:CCONJ,и
: оудобь:ADV,оудобь adv
: есть:AUX,бꙑти
: вѣроу:NOUN,вѣра
: ꙗти:NOUN,ѩти
: и:CCONJ,и
: дѣваꙗ:NOUN,дѣваꙗ
: тоꙗ:DET,тъ
: ради:ADP,ради
: оумълъча:VERB,оумльчати
: мьнѣ:PRON,мьнѣти
: бо:ADV,бо
: ꙗко:SCONJ,ꙗко
: не:ADV,не
: иметь:VERB,ѩти
: єи:ADP,и
: оброученикъ:NOUN,обрѫченикъ
: страаньнꙋ:ADJ,страньнъ
: вешть:NOUN,вещь
: глаголюшти:VERB,глаголати
: єште:SCONJ,єще
: да:ADV,да
: ꙗвить:VERB,ꙗвити
: иѡсифова:ADJ,иосифовъ
: мꙋдрость:NOUN,мѫдрость
: моудить:VERB,мѫдити
: аньгелъ:NOUN,ангелъ
: пришьствиꙗ:NOUN,пришьствиє
: тольма:ADV,тольма
: бо:ADV,бо
: бѣ:AUX,бꙑти
: дивънъ:ADJ,дивьнъ
: иосифъ:PROPN,иосифъ
: ꙗко:SCONJ,ꙗко
: тъчью:ADV,тъчиѭ
: не:ADV,не
: моучилъ:NOUN,мѫчити
: нъ:CCONJ,нъ
: и:ADV,и
: никомоуже:PRON,никътоже
: не:ADV,не
: рече:VERB,рещи
: нъ:CCONJ,нъ
: ни:ADV,ни
: самои:DET,самъ
: мьнимѣи:VERB,мьнѣти
: нъ:CCONJ,нъ
: въ:ADP,въ
: себѣ:PRON,себе
: не:ADV,не
: ѿгънати:VERB,отъгънати
: нъ:CCONJ,нъ
: поустити:NOUN,поустити
: тольма:ADV,тольма
: бѣ:AUX,бꙑти
: кротъкъ:ADJ,кротъкъ
: и:CCONJ,и
: моудръ:ADJ,мѫдръ
: моужь:ADJ,мѫжь
: тъ:CCONJ,тъ
: почьто:ADV,почьто
: не:ADV,не
: ꙗвѣ:VERB,ꙗвѣ
: емоу:PRON,и
: анг҃лъ:NOUN,ангелъ
: ни:CCONJ,ни
: ꙗкоже:SCONJ,ꙗкоже
: пастоухомъ:NOUN,пастоухъ
: и:CCONJ,и
: захарии:PROPN,захариꙗ
: ѧко:SCONJ,ꙗко
: зѣло:ADV,ꙃѣло
: вѣрьникъ:NOUN,вѣрьникъ
: бѣ:AUX,бꙑти
: и:CCONJ,и
: не:ADV,не
: требоуꙗ:VERB,трѣбовати
: такого:DET,такъ
: видѣниѧ:NOUN,видѣниє
: почьто:ADV,почьто
: же:ADV,же
: рече:VERB,рещи
: ємоу:ADJ,и
: анг҃лъ:NOUN,ангелъ
: с҃ноу:NOUN,сꙑнъ
: д҃двъ:ADJ,давꙑдовъ
: помꙗноути:VERB,помѧнѫти
: его:PRON,и
: хотѧ:VERB,хотѣти
: ѡ:ADP,о
: дⷡдѣ:NOUN,давꙑдъ
: ѿ:ADP,отъ
: негоже:PRON,иже
: бѣ:AUX,бꙑти
: х҃оу:PROPN,христосъ
: не:ADV,не
: иже:PRON,иже
: приложи:VERB,приложити
: ꙗвлꙗ-ѧ:VERB,ꙗвлꙗти
: не:ADV,не
: разгнѣваи:VERB,разгнѣвати
: б҃а:NOUN,богъ
: рече:VERB,рещи
: ꙗко:SCONJ,ꙗко
: любодѣицю:NOUN,любодѣица
: мьнꙗ:ADJ,мьнѣти
: имѣти:NOUN,имѣти
: женоу:NOUN,жена
: же:ADV,же
: твою:DET,твои
: рече:VERB,рещи
: ꙗко:SCONJ,ꙗко
: не:ADV,не
: растьлѣноу:VERB,растьлѣти
: наричеть:VERB,нарицати
: же:ADV,же
: ю:ADP,и
: женоу:NOUN,жена
: его:PRON,и
: ѿ:ADP,отъ
: оброучениꙗ:NOUN,обрѫчениє
: ꙗкоже:SCONJ,ꙗкоже
: єсть:NOUN,бꙑти
: и:CCONJ,и
: прьвѣе:ADV,прьвѣє
: брака:NOUN,бракъ
: зѧти:NOUN,зѧть
: нарицꙗти:VERB,нарицати
: чьто:PRON,чьто
: же:ADV,же
: есть:AUX,бꙑти
: поꙗти:VERB,поѩти
: ютрь:ADV,ѫтрь
: имѣти:NOUN,имѣти
: а:CCONJ,а
: не:ADV,не
: ꙗкⷪ҇же:ADV,ꙗкоже
: ѿпоустити:VERB,отъпоустити
: ю:VERB,и
: не:ADV,не
: тъчью:ADV,тъчиѭ
: бо:ADV,бо
: рече:VERB,рещи
: безаконьнаго:ADJ,безаконьнъ
: сънꙗтиꙗ:NOUN,сънѧтиє
: кромѣ:ADV,кромѣ
: есть:AUX,бꙑти
: нъ:CCONJ,нъ
: и:ADV,и
: єстьства:NOUN,єстьство
: зачатъ:NOUN,зачѧти
: се:PRON,сь
: бо:ADV,бо
: ꙗвлꙗєть:NOUN,ꙗвлꙗти
: еже:PRON,иже
: прирече:VERB,прирещи
: г҃лꙗ:VERB,глаголати
: рожденое:VERB,родити
: бо:ADV,бо
: ѿ:ADP,отъ
: неꙗ:PRON,и
: ѿ:ADP,отъ
: д҃ха:NOUN,доухъ
: есть:AUX,бꙑти
: с҃та:ADJ,свѧтъ
: а:CCONJ,а
: еже:PRON,иже
: наречеши:VERB,нарещи
: имꙗ:NOUN,имѧ
: ему:PRON,и
: приложи:VERB,приложити
: анⷢ҇лъ:NOUN,ангелъ
: ѧкⷪже:ADV,ꙗкоже
: бы:AUX,бꙑти
: г҃лалъ:VERB,глаголати
: емꙋ:PRON,и
: да:ADV,да
: не:ADV,не
: мниши:VERB,мьнѣти
: понеже:SCONJ,понєже
: рѣхъ:VERB,рещи
: ѿ:ADP,отъ
: д҃ха:NOUN,доухъ
: есть:AUX,бꙑти
: с҃та:ADJ,свѧтъ
: тоуждѭ:ADJ,щоуждь
: ти:PRON,тꙑ
: велю:VERB,велѣти
: тебе:PRON,тꙑ
: даю:NOUN,даꙗти
: имꙗ:VERB,имѧ
: творити:VERB,творити
: аще:SCONJ,аще
: бо:ADV,бо
: и:ADV,и
: въ:ADP,въ
: рожьство:NOUN,рождьство
: никоєꙗже:DET,никꙑиже
: имаши:VERB,имати
: нъ:CCONJ,нъ
: обаче:ADV,обаче
: имꙗ:VERB,имѧ
: емоу:PRON,и
: нарьци:VERB,нарещи
: аще:SCONJ,аще
: бо:ADV,бо
: и:ADV,и
: нѣсть:VERB,не
: твое:DET,твои
: рожьство:NOUN,рождьство
: нъ:CCONJ,нъ
: ѡтъчьскⷹ:ADV,отъчьскъ
: любъвь:NOUN,любꙑ
: покажи:VERB,показати
: на:ADP,на
: немь:PRON,и
: и:CCONJ,и
: твореньємь:NOUN,творєниє
: имене:NOUN,имѧ
: тꙗ:ADV,тꙑ
: творꙗ:VERB,творити
: не:ADV,не
: рече:VERB,рещи
: же:ADV,же
: родить:VERB,родити
: ти:PRON,тꙑ
: с҃на:NOUN,сꙑнъ
: нъ:CCONJ,нъ
: родить:NOUN,родити
: да:SCONJ,да
: никтоже:PRON,никътоже
: не:ADV,не
: мнить:VERB,мьнѣти
: симь:DET,сь
: словесемъ:NOUN,слово
: ꙗко:SCONJ,ꙗко
: о҃ць:NOUN,отьць
: емоу:PRON,и
: есть:AUX,бꙑти
: не:ADV,не
: томоу:PRON,тъ
: бо:ADV,бо
: раждаше:VERB,раждати
: нъ:CCONJ,нъ
: вселенѣи:NOUN,въселєнаꙗ
: тѣмьже:ADV,тѣмьже
: и:CCONJ,и
: прирече:VERB,прирещи
: тъ:PRON,тъ
: бо:ADV,бо
: сп҃сеть:VERB,съпасти
: люди:NOUN,людиє
: своꙗ:DET,свои
: ѿ:ADP,отъ
: грѣхъ:NOUN,грѣхъ
: ихъ:PRON,и
: рекъ:VERB,рещи
: же:ADV,же
: люди:NOUN,людиє
: своꙗ:DET,свои
: не:ADV,не
: о:ADP,о
: жидъхъ:NOUN,жидъ
: тъчию:ADV,тъчиѭ
: рече:VERB,рещи
: нъ:CCONJ,нъ
: и:ADV,и
: о:ADP,о
: людие:NOUN,людиє
: бо:ADV,бо
: емоу:PRON,и
: бѣшꙗ:AUX,бꙑти
: не:ADV,не
: тъчью:ADV,тъчиѭ
: жидове:NOUN,жидъ
: нъ:CCONJ,нъ
: вьси:DET,вьсь
: приемлющеи:VERB,приимати
: разоумъ:NOUN,разоумъ
: ѿ:ADP,отъ
: него:PRON,и
: и:CCONJ,и
: о:ADP,о
: семь:PRON,сь
: же:ADV,же
: с҃нъ:NOUN,сꙑнъ
: божии:ADJ,божии
: зане:SCONJ,занє
: ѿпоущаеть:VERB,отъпоустити
: нѣсть:VERB,не
: инои:DET,инъ
: силѣ:NOUN,сила
: ѿпоущати:VERB,отпоущати
: грѣхъ:NOUN,грѣхъ
: тъкмо:ADV,тъкъмо
: соущьства:NOUN,сѫщьство
: б҃жиꙗ:ADJ,божии
: единого:NUM,єдинъ
: чьсо:PRON,чьто
: ради:ADP,ради
: же:ADV,же
: рече:VERB,рещи
: сє:CCONJ,сь
: жє:ADP,же
: вьсе:PRON,вьсь
: и:CCONJ,и
: прочеє:ADJ,прочии
: поучинѣ:NOUN,пѫчина
: божиѧ:ADJ,божии
: человѣколюбиꙗ:NOUN,чловѣколюбиє
: ѧко:SCONJ,ꙗко
: не:ADV,не
: надѣꙗньноє:NOUN,надѣꙗньнъ
: дѣло:NOUN,дѣло
: и:CCONJ,и
: ꙗко:SCONJ,ꙗко
: древлеє:ADV,древлє
: проѡбразимо:VERB,прообразити
: бѣ:AUX,бꙑти
: сего:PRON,сь
: ради:ADP,ради
: сьлеть:VERB,сълати
: юже:ADV,оуже
: анг҃лъ:NOUN,ангелъ
: иосифа:PROPN,иосифъ
: къ:ADP,къ
: исаии:PROPN,исаиꙗ
: да:SCONJ,да
: аще:SCONJ,аще
: и:ADV,и
: г҃лъ:NOUN,глаголъ
: забоудеть:NOUN,забꙑти
: ꙗко:ADV,ꙗко
: словесъ:NOUN,слово
: въспⷪ҇мꙗноу:NOUN,въспомѧнѫти
: въ:ADP,въ
: нихъже:PRON,иже
: въспитѣнъ:VERB,въспитати въспитѣти
: ѿ:ADP,отъ
: анг҃ла:NOUN,ангелъ
: оудрьжить:VERB,оудрьжати
: а:NUM,а
: марии:PROPN,мариꙗ
: же:ADV,же
: сего:PRON,сь
: не:ADV,не
: рече:VERB,рещи
: отроковици:NOUN,отроковица
: соущи:NOUN,бꙑти
: и:CCONJ,и
: мꙋжеви:VERB,мѫжь
: же:ADV,же
: ꙗко:SCONJ,ꙗко
: правьдьну(!):ADJ,правьдьнъ
: соущоу:NOUN,бꙑти
: и:CCONJ,и
: вѣдоуштоу:VERB,вѣдѣти
: пьрьвѣе:NOUN,прьвѣє
: же:ADV,же
: сего:DET,сь
: марью:NOUN,мариꙗ
: женоу:NOUN,жена
: твою:DET,твои
: гл҃ть:VERB,глаголати
: сьде:ADV,сьде
: же:ADV,же
: єгда:NOUN,єгда
: прⷪ҇рка:VERB,пророкъ
: въ:ADP,въ
: средоу:NOUN,срѣда
: въведе:VERB,въвести
: тъгда:ADV,тогда
: имꙗ:NOUN,имѧ
: дѣвьствьноє:ADJ,дѣвьствьнъ
: издрече:VERB,издрещи
: емоу:PRON,и
: запрьва:ADV,запрьва
: бо:ADV,бо
: аще:SCONJ,аще
: рекⷧ҇ъ:VERB,рещи
: ємоу:NOUN,и
: дѣвоу:NOUN,дѣва
: не:ADV,не
: сице:ADV,сице
: без:ADP,без
: ѧко:ADV,ꙗко
: многомъ:ADJ,мъногъ
: временьмь:NOUN,врѣмѧ
: ѿ:ADV,отъ
: прⷪ҇рка:VERB,пророкъ
: и:CCONJ,и
: не:ADV,не
: се:INTJ,сь
: тъкмⷪ҇:ADV,тъкъмо
: нъ:CCONJ,нъ
: и:ADV,и
: б҃ъмь:NOUN,богъ
: оутвьрждаеть:VERB,оутврьждати
: слово:NOUN,слово
: єже:ADV,иже
: рече:VERB,рещи
: реченоє:VERB,рещи
: ѿ:ADP,отъ
: г҃а:NOUN,господь
: пр҃ркъмь:NOUN,пророкъ
: ꙗкⷪ҇:SCONJ,ꙗко
: бесѣда:NOUN,бесѣда
: реⷱ҇:ADV,рещи
: прїнесена:VERB,принести
: аще:SCONJ,аще
: ли:ADV,ли
: г҃лть:VERB,глаголати
: невѣрьнии:ADJ,невѣрьнъ
: жидове:NOUN,жидъ
: то:ADV,то
: како:ADV,како
: не:ADV,не
: имꙗ:VERB,имѧ
: емоу:PRON,и
: ємманоуилъ:VERB,емманоуилъ
: ꙗкоже:SCONJ,ꙗкоже
: прⷪ҇ркъ:NOUN,пророкъ
: рече:VERB,рещи
: нъ:CCONJ,нъ
: і҃су:PROPN,исоусъ
: х҃ъ:PROPN,христосъ
: да:ADV,да
: ꙗко:SCONJ,ꙗко
: не:ADV,не
: рече:VERB,рещи
: наречеши:VERB,нарещи
: нъ:CCONJ,нъ
: нарекоуть:NOUN,нарещи
: народи:NOUN,народъ
: рече:VERB,рещи
: и:CCONJ,и
: вещїи:ADJ,вещь
: ꙗко:ADV,ꙗко
: възьрꙗть:VERB,възьрѣти
: б҃а:NOUN,богъ
: съ:ADP,съ
: вещи:NOUN,вещь
: за:ADP,за
: имꙗ:PRON,имѧ
: полагати:VERB,полагати
: ꙗкоже:SCONJ,ꙗкоже
: єгда:NOUN,єгда
: речє:VERB,рещи
: нарьци:VERB,нарещи
: имꙗ:PRON,имѧ
: отрочати:NOUN,отрочѧ
: скоро:ADV,скоро
: испроврьзи:VERB,испроврѣщи
: скⷪ҇ро:ADV,скоро
: плѣни:VERB,плѣнити
: и:CCONJ,и
: не:ADV,не
: тако:PRON,тако
: нъ:CCONJ,нъ
: ємоу:NOUN,и
: плѣнъ-і:NOUN,плѣнъ
: испроврьжение:NOUN,испроврьжениє
: градъ:NOUN,градъ
: же:ADV,же
: рече:VERB,рещи
: градъ:NOUN,градъ
: правьдѣ:NOUN,правьда
: митрополии:NOUN,митрополиꙗ
: вѣрьнъ:ADJ,вѣрьнъ
: сиѡнъ:ADJ,сионъ
: и:CCONJ,и
: никъдеже:ADV,никъдеже
: ѡбрѣтаемъ:VERB,обрѣтати
: ѧко:SCONJ,ꙗко
: правьда:NOUN,правьда
: градъ:NOUN,градъ
: нъ:CCONJ,нъ
: иерсл҃мъ:PROPN,иєроусалимъ
: нарицѧємъ:VERB,нарицати
: нъ:CCONJ,нъ
: понеже:SCONJ,понєже
: се:PRON,сь
: лоучии:ADJ,лоучии
: сего:PRON,сь
: ради:ADP,ради
: сице:ADV,сице
: его:PRON,и
: нарече:VERB,нарещи
: нарещи:VERB,нарещи
: аще:SCONJ,аще
: ли:ADV,ли
: симь:PRON,сь
: препьрѣни:VERB,прѣпьрѣти
: иного:DET,инъ
: ищꙋть:NOUN,искати
: д҃вьствьное:ADJ,дѣвьствьнъ
: имꙗ:NOUN,имѧ
: предълагають:VERB,прѣдълагати
: намъ:PRON,мꙑ
: съказатела:NOUN,съказатель
: г҃люща:VERB,глаголати
: ꙗко:SCONJ,ꙗко
: не:ADV,не
: рече:VERB,рещи
: д҃воу:ADJ,дѣва
: нъ:CCONJ,нъ
: юнотъкоу:NOUN,юнотъка
: прьвѣе:ADV,прьвѣє
: бо:ADV,бо
: то:PRON,тъ
: речемъ:VERB,рещи
: извѣстьнѣише:ADJ,извѣстьнъ
: соуть:NOUN,бꙑти
: п҃:VERB,п҃
: съказателе:NOUN,съказатель
: неже:ADV,нєже
: ини:PRON,инъ
: ини:PRON,инъ
: бо:ADV,бо
: по:ADP,по
: прїшьствии:NOUN,пришьствиє
: хрьстовѣ:ADJ,христовъ
: преложиша:VERB,прѣложити
: жидове:NOUN,жидъ
: и:PRON,и
: завистью:NOUN,зависть
: а:CCONJ,а
: п҃:NOUN,п҃
: и:CCONJ,и
: вꙗще:ADJ,вѧщии
: р҃:NOUN,р҃
: лѣтъ:NOUN,лѣто
: прежде:ADP,прѣжде
: пришьствиѧ:NOUN,пришьствиє
: г҃нѧ:ADJ,господьнь
: преложишꙗ:VERB,прѣложити
: и:CCONJ,и
: толь:ADV,толь
: мнози:ADJ,мъногъ
: соуще:NOUN,бꙑти
: паче:ADV,паче
: приꙗтьни:ADJ,приѩтьнъ
: соуть:NOUN,бꙑти
: и:CCONJ,и
: лѣтъ:NOUN,лѣто
: ради:NOUN,ради
: и:CCONJ,и
: мнⷪжьства:NOUN,мъножьство
: ради:NOUN,ради
: и:CCONJ,и
: единоглашениꙗ:NOUN,єдиноглашениє
: ради:VERB,ради
: аще:SCONJ,аще
: ли:ADV,ли
: и:ADV,и
: тѣхъ:DET,тъ
: послоушьство:NOUN,послоушьство
: не:ADV,не
: принесоуть:VERB,принести
: и:ADV,и
: тако:ADV,тако
: ѿ:ADP,отъ
: насъ:PRON,мꙑ
: побѣда:NOUN,побѣда
: боудеть:NOUN,бꙑти
: и:CCONJ,и
: ꙋнотьчьскоє:ADJ,юнотьчьскъ
: бо:ADV,бо
: имꙗ:NOUN,имѧ
: есть:AUX,бꙑти
: книгамъ:NOUN,кънигꙑ
: о:ADP,о
: дѣвьствѣ:NOUN,дѣвьство
: г҃лати:NOUN,глаголати
: не:ADV,не
: ѡ:ADP,о
: женахъ:NOUN,жена
: тъчью:ADV,тъчиѭ
: нъ:CCONJ,нъ
: и:ADV,и
: о:ADP,о
: моужихъ:VERB,мѫжь
: юноша:NOUN,юноша
: бо:ADV,бо
: рече:VERB,рещи
: и:CCONJ,и
: старьци:NOUN,старьць
: съ:ADP,съ
: юнотами:NOUN,юнота
: и:CCONJ,и
: отроковици:NOUN,отроковица
: же:ADV,же
: обидимѣ:VERB,обидѣти
: гл҃ть:VERB,глаголати
: ꙗко:SCONJ,ꙗко
: аще:SCONJ,аще
: възгласить:VERB,възгласити
: юнотъка:NOUN,юнотъка
: сирѣчь:ADV,сирѣчь
: д҃ваѧ:ADJ,дѣваꙗ
: и:CCONJ,и
: предъречениа:NOUN,прѣдъречениє
: же:ADV,же
: сихъ:DET,сь
: се:DET,сь
: слово:NOUN,слово
: съставлꙗють:VERB,съставлꙗти
: сє:CCONJ,се
: дасть:VERB,дати
: самъ:PRON,самъ
: г҃ь:NOUN,господь
: вамъ:PRON,вꙑ
: знаменьє:NOUN,знамениє
: и:CCONJ,и
: се:PRON,се
: прирече:VERB,прирещи
: се:INTJ,се
: дѣва:NOUN,дѣва
: въ:ADP,въ
: чревѣ:NOUN,чрѣво
: прииметь:VERB,приѩти
: коє:PRON,кꙑи
: же:ADV,же
: знаменьє:NOUN,знамениє
: аще:SCONJ,аще
: бракомъ:NOUN,бракъ
: бѣ:AUX,бꙑти
: родити:VERB,родити
: дѣвѣ:NOUN,дѣва
: знаменью:NOUN,знамениє
: бо:ADV,бо
: подобаеть:VERB,подобати
: вьсѣхъ:DET,вьсь
: и:CCONJ,и
: славьноу:ADJ,славьнъ
: и:CCONJ,и
: чоудьноу:ADJ,чоудьнъ
: аще:SCONJ,аще
: ли:ADV,ли
: ни:ADV,ни
: како:ADV,како
: єсть:VERB,бꙑти
: понеже:SCONJ,понєже
: иосифъ:PROPN,иосифъ
: сътвори:VERB,сътворити
: ꙗкоже:ADV,ꙗкоже
: повелѣ:VERB,повелѣти
: емоу:PRON,и
: анг҃лъ:NOUN,ангелъ
: г҃нь:NOUN,господьнь
: и:CCONJ,и
: о:ADP,о
: семь:DET,сь
: послоушаниє:NOUN,послоушаниє
: его:PRON,и
: и:CCONJ,и
: неперьстⷡо:NOUN,непьрьство
: и:PRON,и
: егда:ADV,єгда
: бо:ADV,бо
: непьщевааше:VERB,непьщевати
: неправьдьноє:ADJ,неправьдьнъ
: не:ADV,не
: хотꙗ:VERB,хотѣти
: оудрьжати:VERB,оудрьжати
: ни:CCONJ,ни
: егда:ADV,єгда
: кромѣ:ADV,кромѣ
: соумьнѣньꙗ:NOUN,сѫмьнѣниє
: того:DET,тъ
: не:ADV,не
: изгъна:VERB,изгънати
: и:CCONJ,и
: послоужи:VERB,послоужити
: въсемоу:DET,вьсь
: съмотрению:NOUN,съмотрєниє
: поѧтъ:VERB,поѩти
: бо:ADV,бо
: рече:VERB,рещи
: марию:PROPN,мариꙗ
: женоу:NOUN,жена
: свою:DET,свои
: женьское:ADJ,женьскъ
: же:ADV,же
: часто:NOUN,чѧсто
: полагаеть:VERB,полагати
: евнⷢ҇листъ:NOUN,евангелистъ
: не:ADV,не
: хотꙗ:VERB,хотѣти
: тоꙗ:DET,тъ
: нъ:CCONJ,нъ
: и:ADV,и
: злое:NOUN,зълъ
: сꙋмьнѣнье:NOUN,сѫмьнѣниє
: отемлꙗ:VERB,отъимати
: а:CCONJ,а
: еже:PRON,иже
: не:ADV,не
: вѣдѣаше:VERB,вѣдѣти
: єꙗ:ADV,и
: доньдеже:SCONJ,доньдеже
: роди:VERB,родити
: свои:DET,свои
: прьвѣньць:NOUN,прьвѣньць
: не:ADV,не
: мьнимъ:VERB,мьнѣти
: зане:SCONJ,занє
: лежить:VERB,лежати
: доньдеже:SCONJ,доньдеже
: ꙗко:ADV,ꙗко
: потомь:ADV,потомь
: ю:ADV,и
: потомь:ADV,потомь
: же:ADV,же
: озна(!):VERB,познати
: еже:PRON,иже
: бо:ADV,бо
: доньдеже:ADV,доньдеже
: єсть:VERB,бꙑти
: книгамъ:NOUN,кънигꙑ
: множицею:ADV,мъножицеѭ
: полагати:VERB,полагати
: въ:ADP,въ
: ꙗкоже:SCONJ,ꙗкоже
: ꙗко:ADV,ꙗко
: не:ADV,не
: вранъ:NOUN,вранъ
: въ:ADP,въ
: ковьчегъ:NOUN,ковьчегъ
: доньдеже:SCONJ,доньдеже
: исъше:VERB,исъхнѫти
: землꙗ:NOUN,землꙗ
: ибо:ADV,ибо
: и:ADV,и
: по:ADP,по
: семь:PRON,сь
: не:ADV,не
: въсиꙗеть:VERB,въсиꙗти
: въ:ADP,въ
: дьнь:NOUN,дьнь
: єго:NOUN,и
: правьда:NOUN,правьда
: и:CCONJ,и
: множьство:NOUN,мъножьство
: мироу:NOUN,миръ
: доидеже:SCONJ,доидеже
: ѿиметь:VERB,отѧти
: лоуна:NOUN,лоуна
: се:PRON,сь
: же:ADV,же
: рече:VERB,рещи
: не:ADV,не
: ꙗвлꙗѧ:VERB,ꙗвлꙗти
: добраго:ADJ,добръ
: сего:DET,сь
: ибо:ADV,ибо
: и:ADV,и
: въиноу:ADV,вꙑинѫ
: положилъ:VERB,положити
: же:ADV,же
: евн҃глїстъ:NOUN,евангелистъ
: сьде:ADV,сьде
: доньдеже:SCONJ,доньдеже
: да:ADV,да
: ꙗко:SCONJ,ꙗко
: преже:ADP,прѣжде
: болѣзни:NOUN,болѣзнь
: нетьлѣньнаꙗ:ADJ,нетьлѣньнъ
: бѣ:AUX,бꙑти
: дѣва:NOUN,дѣва
: въ:ADP,въ
: истиноу:NOUN,истина
: како:ADV,како
: же:ADV,же
: братыа:NOUN,братиꙗ
: емоу:PRON,и
: иꙗковъ:PROPN,иꙗковъ
: и:CCONJ,и
: братиꙗ:NOUN,братиꙗ
: его:PRON,и
: ꙗкоже:ADV,ꙗкоже
: и:ADV,и
: сь:PRON,сь
: иосифъ:PROPN,иосифъ
: моужь:ADJ,мѫжь
: мариꙗ:PROPN,мариꙗ
: многа:ADJ,мъногъ
: бо:ADV,бо
: прикръвениꙗ:NOUN,прикръвениє
: тъгда:ADV,тогда
: да:ADV,да
: рождьство:NOUN,рождьство
: то:ADP,тъ
: сицю:DET,сиць
: глюбиноу:NOUN,глѫбина
: книгъ:NOUN,кънигꙑ
: о҃цю:NOUN,отьць
: златооустомоу:ADJ,златооустъ
: како:ADV,како
: не:ADV,не
: приложьно:ADJ,приложьно
: намъ:PRON,мꙑ
: искати:VERB,искати
: божии:ADJ,божии
: книгъ:NOUN,кънигꙑ
: ꙗкоже:SCONJ,ꙗкоже
: самъ:PRON,самъ
: г҃ь:NOUN,господь
: гл҃ть:NOUN,глаголати
: ищѣте:VERB,искати
: книгъ:NOUN,кънигꙑ
: ꙗко:SCONJ,ꙗко
: в:ADP,въ
: нихъ:PRON,и
: имате:VERB,имѣти
: жизнь:NOUN,жизнь
: что:PRON,чьто
: бо:ADV,бо
: слажде:ADJ,сладъкъ
: божии:ADJ,божии
: словесъ:NOUN,слово
: ꙗкоже:ADV,ꙗкоже
: рече:VERB,рещи
: псалъмьское:ADJ,псалъмьскъ
: слово:NOUN,слово
: ꙗко:ADV,ꙗко
: сладъка:ADJ,сладъкъ
: въ:ADP,въ
: грътани:NOUN,грътань
: моемь:DET,мои
: словеса:NOUN,слово
: твоꙗ:DET,твои
: паче:ADV,паче
: меда:NOUN,медъ
: въ:ADP,въ
: оустѣхъ:NOUN,оуста
: моихъ:DET,мои
: кто:PRON,къто
: же:ADV,же
: тольма:ADV,тольма
: боудеть:NOUN,бꙑти
: ли:ADV,ли
: неродивъ:ADJ,неродивъ
: волею:NOUN,волꙗ
: ꙗко:SCONJ,ꙗко
: б҃жии:ADJ,божии
: словесъ:NOUN,слово
: намъ:PRON,мꙑ
: о҃ци:NOUN,отьць
: не:ADV,не
: разу(!)мѣти:VERB,разоумѣти
: ни:CCONJ,ни
: оубо:ADV,оубо
: не:ADV,не
: мозѣмъ:VERB,мощи
: братие:NOUN,братиꙗ
: волею:NOUN,волꙗ
: отъвратити:VERB,отъвратити
: отъ:ADP,отъ
: нихъ:PRON,и
: да:SCONJ,да
: не:ADV,не
: речено:VERB,рещи
: боудеть:VERB,бꙑти
: и:CCONJ,и
: на:ADP,на
: насъ:PRON,мꙑ
: слово:NOUN,слово
: б҃жие:ADJ,божии
: гл҃щеє:VERB,глаголати
: людие:NOUN,людиє
: сии:DET,сь
: оустьнами:NOUN,оустьна
: своими:DET,свои
: чьтоуть:VERB,чисти
: мꙗ:PRON,азъ
: а:CCONJ,а
: срьдьцꙗ:NOUN,срьдьце
: ихъ:PRON,и
: далече:ADV,далече
: отъстоꙗть:VERB,отъстоꙗти
: оⷮ:NOUN,отъ
: мене:PRON,азъ
: и:CCONJ,и
: очима:NOUN,око
: своима:DET,свои
: мьжꙗшꙗ:VERB,миꙃати
: и:PRON,и
: ꙋшима:NOUN,оухо
: своима:DET,свои
: тѧжько:ADV,тѧжько
: и:CCONJ,и
: срд҃цьмь:NOUN,срьдьце
: не:ADV,не
: разоумѣшѧ:VERB,разоумѣти
: да:SCONJ,да
: не:ADV,не
: исцѣлю:VERB,ицѣлити
: ѧ:ADP,и
: сица:DET,сиць
: оубо:ADV,оубо
: съвѣдѣниꙗ:NOUN,съвѣдѣниє
: грозьна:ADJ,грозьнъ
: имоуще:VERB,имѣти
: ѿ:ADP,отъ
: божии:ADJ,божии
: кънигъ:NOUN,кънигꙑ
: ѿстоупимъ:VERB,отъстѫпити
: ѿ:CCONJ,отъ
: оуныниꙗ:NOUN,оунꙑниє
: и:CCONJ,и
: дроуга:PRON,дроугъ
: б҃жиꙗ:ADJ,божии
: пⷪ҇слоушаимъ:VERB,послоушати
: б҃овидьца:NOUN,боговидьць
: мосѣа:PROPN,моси
: гл҃юща:VERB,глаголати
: да:SCONJ,да
: боудꙋть:NOUN,бꙑти
: словеса:NOUN,слово
: г҃а:NOUN,господь
: б҃а:NOUN,богъ
: твоего:DET,твои
: въ:ADP,въ
: срд҃ци:NOUN,срьдьце
: твоемь:DET,твои
: присно:ADV,присно
: лежѧи:VERB,лежати
: бо:ADV,бо
: и:CCONJ,и
: съпѧ:VERB,съпати
: и:CCONJ,и
: сѣдꙗ:VERB,сѣсти
: и:CCONJ,и
: ходꙗ:NOUN,ходити
: вънѣ:ADV,вънѣ
: да:SCONJ,да
: наслѣдоуеши:VERB,наслѣдовати
: землю:NOUN,землꙗ
: юже:ADV,оуже
: ти:PRON,тꙑ
: г҃ь:NOUN,господь
: б҃ъ:NOUN,богъ
: твои:DET,твои
: ѡбѣща:NOUN,обѣщати
: кою:PRON,кꙑи
: же:ADV,же
: землю:NOUN,землꙗ
: юже:ADV,иже
: кротъциї:ADJ,кротъкъ
: срд҃цьмь:NOUN,срьдьце
: наслѣдоують:VERB,наслѣдовати
: о:ADP,о
: х҃ѣ:PROPN,христосъ
: ї҃сѣ:PROPN,исоусъ
: г҃и:NOUN,господь
: нашемь:DET,нашь
: емꙋже:PRON,иже
: слава:NOUN,слава
: съ:ADP,съ
: о҃цьмь:NOUN,отьць
: и:CCONJ,и
: сь:ADP,сь
: д҃хъмь:NOUN,доухъ
: и:CCONJ,и
: присно:ADV,присно
: и:CCONJ,и
: въ:ADP,въ
: вѣком:NOUN,вѣкъ
: аминь:INTJ,аминъ
